<?xml version="1.0" encoding="UTF-8"?>
<components xmlns="http://jboss.com/products/seam/components"
            xmlns:core="http://jboss.com/products/seam/core"
            xmlns:security="http://jboss.com/products/seam/security"
            xmlns:transaction="http://jboss.com/products/seam/transaction"
            xmlns:xsi="http://www.w3.org/2001/XMLSchema-instance"
            xsi:schemaLocation=
                "http://jboss.com/products/seam/core http://jboss.com/products/seam/core-2.0.xsd
                 http://jboss.com/products/seam/transaction http://jboss.com/products/seam/transaction-2.0.xsd
                 http://jboss.com/products/seam/security http://jboss.com/products/seam/security-2.0.xsd
                 http://jboss.com/products/seam/components http://jboss.com/products/seam/components-2.0.xsd">

	<core:init jndi-pattern="ContactList/#{ejbName}/local" debug="true" />

	<core:manager conversation-timeout="120000" concurrent-request-timeout="500" conversation-id-parameter="cid" />
    
	<!-- Loads the resource bundles listed. -->
	<core:resource-loader>
		<core:bundle-names>
			<value>messages</value>
			<value>faces</value>
		</core:bundle-names>
	</core:resource-loader>    

	<transaction:ejb-transaction />
</components>
