<?xml version="1.0" encoding="UTF-8"?>
<beans xmlns="http://www.springframework.org/schema/beans"
       xmlns:parancoe="http://www.parancoe.org/schema/parancoe"
       xmlns:xsi="http://www.w3.org/2001/XMLSchema-instance"
       xsi:schemaLocation="http://www.springframework.org/schema/beans http://www.springframework.org/schema/beans/spring-beans-2.5.xsd
       http://www.parancoe.org/schema/parancoe http://www.parancoe.org/schema/parancoe.xsd">

    <!-- this conf file will be automatically merged with parancoe's parancoeBase.xml -->
    <bean id="dataSource" class="org.springframework.jndi.JndiObjectFactoryBean">
        <property name="jndiName" value="java:comp/env/jdbc/dataSource"/>
    </bean>
    <bean id="sessionFactory" parent="abstractSessionFactory">
        <property name="hibernateProperties">
            <props merge="true">
                <prop key="hibernate.dialect">org.hibernate.dialect.HSQLDialect
                </prop>
                <prop key="hibernate.hbm2ddl.auto">create
                </prop>
                <prop key="hibernate.show_sql">false
                </prop>
            </props>
        </property>
        <property name="eventListeners">
            <map>
                <entry key="merge">
                    <bean class="org.springframework.orm.hibernate3.support.IdTransferringMergeEventListener"/>
                </entry>
            </map>
        </property>
    </bean>
    
    <!-- Authomatic discovering of persistent classes -->
    <parancoe:discover-persistent-classes basePackage="org.parancoe.basicWebApp.po"/>
</beans>
