<?xml version="1.0" encoding="UTF-8"?>
<beans xmlns="http://www.springframework.org/schema/beans"
       xmlns:context="http://www.springframework.org/schema/context"
       xmlns:parancoe="http://www.parancoe.org/schema/parancoe"
       xmlns:parancoe-web="http://www.parancoe.org/schema/parancoe-web"
       xmlns:dwr="http://www.directwebremoting.org/schema/spring-dwr"
       xmlns:xsi="http://www.w3.org/2001/XMLSchema-instance"
       xsi:schemaLocation="http://www.springframework.org/schema/beans http://www.springframework.org/schema/beans/spring-beans-2.5.xsd
       http://www.springframework.org/schema/context http://www.springframework.org/schema/context/spring-context-2.5.xsd
       http://www.directwebremoting.org/schema/spring-dwr http://www.directwebremoting.org/schema/spring-dwr-2.0.xsd
       http://www.parancoe.org/schema/parancoe http://www.parancoe.org/schema/parancoe.xsd
       http://www.parancoe.org/schema/parancoe-web http://www.parancoe.org/schema/parancoe-web.xsd">
    <context:component-scan base-package="com.benfante.demo.baseApp"/>
        
    <!-- Authomatic DAO definition from persistent classes -->
    <parancoe:define-daos basePackage="com.benfante.demo.baseApp"/>
            
    <!-- Overriding the default configuration bean -->
    <bean id="conf" class="com.benfante.demo.baseApp.Conf" parent="abstractConf"/>
    <bean id="daos" parent="abstractDaoProvider">
        <property name="proxyInterfaces">
            <value>com.benfante.demo.baseApp.Daos</value>
        </property>
        <property name="target">
            <bean parent="genericDaoProvider"/>
        </property>
    </bean>
    
    <bean class="org.springframework.web.servlet.mvc.annotation.AnnotationMethodHandlerAdapter">
        <property name="webBindingInitializer">
            <bean class="com.benfante.demo.baseApp.controllers.BasicWebAppBindingInitializer"/>
        </property>
    </bean>
    
    <dwr:controller id="dwrController" debug="true">
        <dwr:config-param name="activeReverseAjaxEnabled" value="true"/>
    </dwr:controller>
</beans>