<?xml version="1.0" encoding="UTF-8"?>
<weblogic-web-app xmlns="http://www.bea.com/ns/weblogic/90"
                  xmlns:j2ee="http://java.sun.com/xml/ns/j2ee"
                  xmlns:xsi="http://www.w3.org/2001/XMLSchema-instance"
                  xsi:schemaLocation="http://www.bea.com/ns/weblogic/90 http://w
ww.bea.com/ns/weblogic/90/weblogic-web-app.xsd
                                      http://java.sun.com/xml/ns/j2ee http://jav
a.sun.com/xml/ns/j2ee/web-app_2_4.xsd">
    <session-descriptor>
        <persistent-store-type>replicated_if_clustered</persistent-store-type>
     </session-descriptor>

    <jsp-descriptor>
        <debug>true</debug>
    </jsp-descriptor>

    <charset-params>
        <input-charset>
            <resource-path>/*</resource-path>
            <java-charset-name>UTF8</java-charset-name>
        </input-charset>
    </charset-params>

    <context-root>/basicWebApp</context-root>

</weblogic-web-app>
