<?xml version="1.0" encoding="ASCII"?>
<application xmlns:xsi="http://www.w3.org/2001/XMLSchema-instance" xmlns="http://java.sun.com/xml/ns/javaee" xmlns:application="http://java.sun.com/xml/ns/javaee/application_5.xsd" xsi:schemaLocation="http://java.sun.com/xml/ns/javaee http://java.sun.com/xml/ns/javaee/application_5.xsd" version="5">
  <display-name>ContactList</display-name>
  <module>
    <ejb>ContactListEJB.jar</ejb>
  </module>
  <module>
    <web>
      <web-uri>ContactListWeb.war</web-uri>
      <context-root>ContactListWeb</context-root>
    </web>
  </module>
  <module>
    <ejb>seam-2.0.jar</ejb>
  </module>
</application>