<?xml version="1.0" encoding="UTF-8"?>
<!DOCTYPE datasources PUBLIC "-//JBoss//DTD JBOSS JCA Config 1.5//EN" "http://www.jboss.org/j2ee/dtd/jboss-ds_1_5.dtd">
<datasources>
	<local-tx-datasource>
		<jndi-name>ContactListDataSource</jndi-name>
		<connection-url>jdbc:hsqldb:hsql://localhost/contactlist</connection-url>
		<driver-class>org.hsqldb.jdbcDriver</driver-class>
		<user-name>sa</user-name>
		<password></password>
		<min-pool-size>5</min-pool-size>
		<max-pool-size>20</max-pool-size>
		<idle-timeout-minutes>0</idle-timeout-minutes>
		<metadata><type-mapping>Hypersonic SQL</type-mapping></metadata>
	</local-tx-datasource>
</datasources>
